IST,Max TemperatureC,Mean TemperatureC,Min TemperatureC,Dew PointC,MeanDew PointC,Min DewpointC,Max Humidity, Mean Humidity, Min Humidity, Max Sea Level PressurehPa, Mean Sea Level PressurehPa, Min Sea Level PressurehPa, Max VisibilityKm, Mean VisibilityKm, Min VisibilitykM, Max Wind SpeedKm/h, Mean Wind SpeedKm/h, Max Gust SpeedKm/h,Precipitationmm, CloudCover, Events,WindDirDegrees<br />
2003-1-1,14,12,9,10,9,7,87,83,77,1020,1020,1020,1,0,0,0,0,,0.00,0,Fog,-1<br />
2003-1-2,9,8,7,8,7,6,100,93,82,1023,1021,1019,1,0,0,6,2,,0.00,6,Fog,119<br />
2003-1-3,12,9,6,10,8,5,100,94,88,1025,1023,1021,1,1,0,8,3,,0.00,4,Fog,311<br />
2003-1-4,10,7,6,8,6,5,100,92,82,1023,1021,1020,1,0,0,0,0,,0.00,6,Fog,-1<br />
2003-1-5,7,6,5,7,6,5,100,98,93,1021,1020,1018,0,0,0,0,0,,0.00,,Fog,-1<br />
2003-1-6,8,6,4,7,5,3,93,90,87,1022,1022,1021,2,1,1,0,0,,0.00,6,Fog,-1<br />
2003-1-7,8,6,4,7,6,3,100,91,87,1024,1022,1021,2,1,1,10,2,,0.00,6,Fog,263<br />
2003-1-8,10,7,4,6,4,2,100,87,71,1022,1020,1018,1,1,0,10,5,,0.00,3,Fog,288<br />
2003-1-9,11,8,5,8,6,4,100,92,76,1023,1021,1019,1,1,0,8,0,,0.00,5,Fog,229<br />
2003-1-10,10,8,5,8,6,4,100,92,82,1025,1023,1021,2,0,0,8,3,,0.00,4,Fog,290<br />
2003-1-11,10,7,6,7,6,4,100,91,82,1023,1022,1021,2,1,0,8,2,,0.00,6,Fog,230<br />
2003-1-12,11,8,5,9,6,5,100,91,87,1025,1023,1022,1,1,0,6,2,,0.00,2,Fog,300<br />
2003-1-13,7,4,4,5,4,3,100,94,87,1024,1022,1021,1,0,0,8,3,,0.00,6,Fog,273<br />
2003-1-14,6,4,4,4,3,3,93,91,87,1024,1022,1020,0,0,0,3,2,,0.00,,Fog,270<br />
2003-1-15,8,6,3,5,4,1,100,90,81,1025,1023,1021,1,0,0,6,2,,0.00,6,Fog,118<br />
2003-1-16,5,3,2,5,3,1,100,94,87,1024,1023,1021,0,0,0,0,0,,0.00,0,Fog,-1<br />
2003-1-17,9,6,3,8,5,2,100,94,87,1023,1022,1020,1,0,0,6,2,,0.00,0,Fog,211<br />
2003-1-18,11,7,3,9,6,2,100,90,82,1025,1023,1022,2,1,0,3,0,,0.00,4,Fog,270<br />
2003-1-19,15,7,3,9,5,2,100,88,67,1023,1021,1019,2,1,0,11,2,,0.00,3,Fog,250<br />
2003-1-20,8,6,3,7,4,1,93,90,87,1021,1019,1018,1,0,0,6,2,,0.00,3,Fog,315<br />
2003-1-21,11,6,2,9,5,2,100,93,87,1020,1018,1016,2,1,0,6,0,,0.00,5,Fog,264<br />
2003-1-22,10,7,4,9,5,3,100,93,81,1018,1015,1013,1,0,0,6,0,,0.00,,Fog,240<br />
2003-1-23,9,6,3,7,4,2,100,93,87,1015,1013,1012,1,0,0,0,0,,0.00,4,Fog,-1<br />
2003-1-24,14,9,4,12,7,3,100,91,82,1013,1012,1010,2,1,0,6,0,,0.00,2,Fog,257<br />
2003-1-25,18,6,4,13,6,3,93,89,73,1016,1013,1011,3,0,0,0,0,,0.00,0,Fog,-1<br />
2003-1-26,21,13,5,19,14,3,88,86,78,1019,1017,1016,4,3,3,10,6,,0.00,6,,341<br />
2003-1-27,22,14,7,13,10,6,93,70,43,1017,1015,1014,5,4,3,10,2,,0.00,5,,266<br />
2003-1-28,18,12,8,16,12,8,100,93,88,1017,1015,1014,4,2,1,8,2,,0.00,7,Fog-Rain,82<br />
2003-1-29,19,12,5,15,11,4,93,83,77,1020,1019,1017,5,3,0,8,2,,0.00,4,Fog,304<br />
2003-1-30,14,13,11,13,11,9,94,91,88,1018,1015,1012,4,3,3,14,5,,0.00,7,Rain,39<br />
2003-1-31,13,11,9,11,9,7,94,92,87,1016,1015,1013,5,4,3,11,3,,0.00,6,Rain,347<br />
2003-2-1,16,9,3,10,7,2,100,86,68,1019,1016,1014,5,2,0,6,2,,0.00,5,Fog,354<br />
2003-2-2,18,14,11,12,11,7,77,72,68,1025,1024,1022,5,5,3,11,6,,0.00,3,,278<br />
2003-2-3,21,13,6,14,10,5,93,75,63,1023,1021,1019,6,3,0,19,5,,0.00,0,Fog,267<br />
2003-2-4,19,12,5,12,8,4,93,76,64,1021,1020,1019,6,4,2,19,6,,0.00,0,,272<br />
2003-2-5,21,13,5,10,7,3,88,73,46,1021,1019,1017,5,3,1,11,2,,0.00,1,,265<br />
2003-2-6,18,12,6,12,9,5,93,82,68,1019,1017,1015,4,2,1,6,0,,0.00,4,Fog,200<br />
2003-2-7,21,13,7,13,10,6,93,74,60,1015,1013,1011,3,2,0,3,0,,0.00,2,Fog,125<br />
2003-2-8,20,13,7,12,9,3,87,74,60,1016,1014,1013,3,2,1,10,2,,0.00,2,,273<br />
2003-2-9,21,13,6,9,8,5,93,64,46,1016,1015,1014,5,3,1,8,2,,0.00,0,Fog,245<br />
2003-2-10,22,13,4,11,8,2,87,66,46,1017,1015,1014,5,4,1,6,2,,0.00,0,,257<br />
2003-2-11,19,12,6,10,8,4,87,61,52,1018,1017,1016,3,2,2,11,3,,0.00,0,,247<br />
2003-2-12,21,13,7,13,11,5,87,70,60,1019,1016,1015,4,3,1,10,3,,0.00,2,,276<br />
2003-2-13,21,13,7,13,8,0,87,70,44,1016,1014,1013,4,3,2,14,3,,0.00,4,,289<br />
2003-2-14,23,14,7,11,9,6,100,74,44,1015,1014,1013,4,3,1,11,2,,0.00,1,,301<br />
2003-2-15,23,14,9,11,9,7,88,73,44,1017,1015,1014,5,3,2,6,0,,0.00,4,,301<br />
2003-2-16,19,13,9,12,10,7,87,73,59,1018,1016,1012,5,5,3,19,10,,0.00,8,Rain,50<br />
2003-2-17,20,17,13,13,12,9,94,75,52,1012,1010,1007,4,3,2,27,13,37,0.00,7,Rain,96<br />
2003-2-18,18,16,13,15,13,12,94,89,82,1009,1007,1005,3,3,2,29,21,50,0.00,7,Rain-Thunderstorm,112<br />
2003-2-19,13,11,10,11,10,8,94,87,82,1016,1007,1002,5,4,4,23,14,40,0.00,7,Rain,111<br />
2003-2-20,19,12,6,13,9,5,94,85,68,1021,1019,1017,5,4,3,10,3,,0.00,3,,232<br />
2003-2-21,19,11,4,10,8,2,93,77,56,1020,1019,1017,6,4,3,19,6,,0.00,0,,288<br />
2003-2-22,20,13,6,12,8,4,93,74,52,1018,1017,1015,5,4,3,11,3,,0.00,1,,269<br />
2003-2-23,20,14,8,14,12,7,93,82,68,1017,1016,1015,4,3,3,10,3,,0.00,6,,46<br />
2003-2-24,23,17,10,13,11,8,94,68,50,1017,1016,1015,7,5,2,11,3,,0.00,1,,286<br />
2003-2-25,25,18,12,13,12,11,94,60,44,1015,1014,1012,6,5,4,11,3,,0.00,2,,270<br />
2003-2-26,26,19,12,15,13,10,88,68,39,1014,1013,1012,6,4,3,8,2,,0.00,2,,358<br />
2003-2-27,24,18,13,14,13,10,94,74,53,1013,1012,1011,5,4,3,14,3,,0.00,4,,8<br />
2003-2-28,27,19,11,15,12,7,88,63,39,1015,1012,1010,6,4,3,8,3,,0.00,2,Thunderstorm,97<br />
2003-3-1,16,13,11,15,13,10,100,93,88,1013,1011,1009,5,4,3,37,18,55,0.00,8,Rain-Thunderstorm,99<br />
2003-3-2,21,20,20,17,17,17,83,80,78,1007,1006,1005,3,3,3,11,8,,0.00,8,Rain-Thunderstorm,202<br />
2003-3-3,18,14,12,12,7,3,94,62,39,1015,1012,1008,3,3,2,23,14,,0.00,1,,163<br />
2003-3-4,18,13,9,11,7,5,88,70,45,1019,1017,1015,6,4,3,27,8,40,0.00,0,,292<br />
2003-3-5,18,12,7,6,5,4,87,68,42,1015,1014,1014,6,5,3,19,6,,0.00,0,,280<br />
2003-3-6,22,16,10,7,5,2,76,49,29,1017,1016,1014,7,5,3,19,3,,0.00,0,,263<br />
2003-3-7,24,14,6,8,6,4,87,52,31,1016,1015,1013,8,6,4,23,6,,0.00,0,,271<br />
2003-3-8,19,14,9,8,7,5,87,64,42,1014,1013,1012,5,5,4,19,6,,0.00,2,,296<br />
2003-3-9,22,14,8,11,8,5,81,64,43,1014,1013,1012,3,2,2,14,2,,0.00,6,,75<br />
2003-3-10,23,17,10,15,11,3,87,66,49,1014,1012,1010,4,3,3,11,5,,0.00,4,,27<br />
2003-3-11,24,18,13,14,11,10,88,63,44,1012,1011,1009,6,5,4,8,3,,0.00,1,,34<br />
2003-3-12,27,20,14,18,14,10,88,67,54,1015,1014,1013,4,3,2,6,0,,0.00,0,,320<br />
2003-3-13,26,20,15,14,12,10,82,68,42,1017,1016,1015,5,4,3,6,2,,0.00,2,,285<br />
2003-3-14,26,19,12,13,11,9,88,65,41,1017,1015,1013,4,3,2,10,2,,0.00,3,,278<br />
2003-3-15,27,19,13,16,13,7,83,63,51,1013,1012,1010,4,3,3,6,2,,0.00,3,,95<br />
2003-3-16,27,20,14,16,13,9,82,64,51,1011,1010,1009,3,3,3,6,2,,0.00,3,,70<br />
2003-3-17,28,21,14,16,14,12,88,63,45,1015,1014,1013,6,5,3,8,2,,0.00,1,,357<br />
2003-3-18,28,21,14,16,13,11,88,67,39,1016,1015,1014,6,4,3,8,3,,0.00,2,,353<br />
2003-3-19,27,20,13,16,14,11,88,65,51,1015,1014,1013,7,5,4,27,6,,0.00,0,,315<br />
2003-3-20,20,18,15,15,13,11,82,75,64,1014,1013,1010,4,4,4,8,2,,0.00,0,,286<br />
2003-3-21,28,21,14,13,12,10,88,64,36,1013,1010,1009,5,4,3,14,6,,0.00,2,,281<br />
2003-3-22,28,20,13,17,13,9,77,66,48,1016,1013,1011,4,3,3,10,2,,0.00,3,,252<br />
2003-3-23,28,21,15,17,13,11,88,60,42,1015,1014,1013,5,5,3,27,11,,0.00,5,,317<br />
2003-3-24,29,22,15,15,14,13,88,54,42,1015,1013,1011,7,5,4,14,8,,0.00,2,,268<br />
2003-3-25,27,19,15,18,16,13,94,71,58,1014,1012,1011,4,3,2,6,2,,0.00,5,,282<br />
2003-3-26,28,22,16,17,16,15,94,65,48,1015,1014,1012,5,3,2,0,0,,0.00,3,,-1<br />
2003-3-27,28,22,16,17,15,13,83,71,48,1014,1013,1011,4,3,3,6,2,,0.00,3,,231<br />
2003-3-28,24,23,20,18,17,15,78,70,65,1012,1008,1007,3,2,2,8,3,,0.00,7,,50<br />
2003-3-29,22,16,14,16,12,11,82,77,69,1009,1008,1006,5,3,3,14,13,,0.00,6,Rain-Thunderstorm,15<br />
2003-3-30,20,16,15,15,14,14,94,86,73,1012,1010,1008,6,5,4,27,11,,0.00,7,Rain-Thunderstorm,350<br />
2003-3-31,29,20,11,16,14,9,88,58,40,1013,1011,1009,8,6,4,26,6,,0.00,0,,258<br />
2003-4-1,30,22,15,17,14,12,94,62,33,1011,1010,1008,7,5,3,27,6,,0.00,0,,314<br />
2003-4-2,29,22,16,14,12,10,82,53,37,1007,1006,1005,5,4,4,14,3,,0.00,2,,257<br />
2003-4-3,27,19,12,18,14,10,88,73,54,1007,1005,1003,6,4,3,27,8,,0.00,3,Rain-Thunderstorm,350<br />
2003-4-4,30,26,21,11,8,4,53,34,24,1010,1007,1006,7,6,4,19,6,,0.00,0,,296<br />
2003-4-5,29,23,17,14,12,9,77,53,37,1014,1013,1010,7,5,4,8,2,,0.00,0,,310<br />
2003-4-6,26,12,12,11,11,10,88,72,39,1014,1013,1012,5,4,4,6,2,,0.00,0,,250<br />
2003-4-7,32,27,22,19,17,17,73,53,40,1014,1013,1013,7,5,4,14,6,,0.00,0,,294<br />
2003-4-8,21,17,13,16,14,11,88,81,73,1013,1011,1010,4,3,3,6,0,,0.00,0,,250<br />
2003-4-9,27,26,24,19,18,17,69,65,61,1008,1007,1007,4,4,4,0,0,,0.00,0,,-1<br />
2003-4-10,36,26,17,18,16,13,77,60,28,1010,1008,1006,5,4,3,8,0,,0.00,0,,335<br />
2003-4-11,37,27,17,16,14,10,72,46,25,1012,1010,1008,5,4,3,10,2,,0.00,1,,329<br />
2003-4-12,38,27,19,20,17,13,78,63,22,1009,1008,1006,5,4,3,14,2,,0.00,1,,309<br />
2003-4-13,38,29,21,18,15,12,83,40,21,1007,1006,1005,5,4,2,14,5,,0.00,1,,250<br />
2003-4-14,36,28,20,17,15,13,83,42,28,1010,1009,1006,6,6,5,10,5,,0.00,6,,50<br />
2003-4-15,35,28,21,21,16,9,83,54,21,1008,1007,1007,6,6,5,19,5,,0.00,4,,23<br />
2003-4-16,36,31,27,15,13,11,48,35,25,1011,1011,1010,6,5,4,10,6,,0.00,2,,7<br />
2003-4-17,38,29,21,13,12,10,56,34,20,1011,1010,1008,7,5,3,19,8,,0.00,1,,312<br />
2003-4-18,37,29,21,14,11,6,44,33,23,1008,1006,1004,6,5,5,6,0,,0.00,4,,50<br />
2003-4-19,32,22,19,18,16,7,94,72,33,1006,1003,1001,6,5,3,34,6,,0.00,6,Rain-Thunderstorm,318<br />
2003-4-20,30,,30,9,9,9,27,27,27,1009,1009,1009,6,6,6,0,0,,0.00,0,,-1<br />
2003-4-21,35,25,15,14,9,5,88,37,15,1010,1009,1008,8,7,5,11,3,,0.00,0,,293<br />
2003-4-22,37,26,17,13,8,7,77,29,16,1010,1009,1008,6,6,5,14,5,,0.00,1,,293<br />
2003-4-23,39,37,26,10,8,7,36,21,15,1009,1007,1006,6,5,4,14,6,,0.00,1,,273<br />
2003-4-24,29,26,22,17,14,9,51,47,43,1007,1005,1004,4,4,4,0,0,,0.00,2,,-1<br />
2003-4-25,41,30,20,19,12,0,83,38,11,1005,1004,1002,4,3,3,19,3,,0.00,1,,139<br />
2003-4-26,35,28,22,15,11,5,53,34,16,1005,1004,1002,5,4,3,29,11,48,0.00,3,Rain-Thunderstorm,341<br />
2003-4-27,35,28,20,15,12,8,73,39,19,1006,1005,1003,6,5,4,23,3,,0.00,3,,330<br />
2003-4-28,37,28,20,15,12,11,73,34,21,1011,1008,1007,5,5,4,8,2,,0.00,1,,20<br />
2003-4-29,37,28,21,14,11,9,64,35,18,1011,1010,1008,6,4,3,3,0,,0.00,0,,230<br />
2003-4-30,39,29,20,19,14,11,64,38,22,1010,1008,1006,6,4,3,8,2,,0.00,0,,95<br />
2003-5-1,38,29,21,18,14,11,73,48,21,1005,1003,998,4,3,2,27,5,,0.00,2,,101<br />
2003-5-2,39,31,24,15,13,8,57,35,15,999,995,991,3,3,3,27,18,47,0.00,3,,120<br />
2003-5-3,36,28,24,14,5,-3,34,23,10,1001,997,993,5,4,2,27,8,,0.00,0,,227<br />
2003-5-4,32,22,20,16,14,7,78,60,21,1004,1002,1001,5,4,4,6,2,,0.00,0,,225<br />
2003-5-5,35,32,25,7,2,-1,32,16,11,1005,1004,1003,5,4,4,11,5,,0.00,0,,303<br />
2003-5-6,36,27,18,9,4,-4,56,29,9,1006,1005,1003,5,4,4,14,3,,0.00,1,,327<br />
2003-5-7,35,26,17,9,5,2,59,24,13,1008,1006,1005,5,4,3,6,2,,0.00,0,,283<br />
2003-5-8,38,29,20,8,7,4,46,26,14,1008,1007,1006,4,3,3,6,2,,0.00,0,,290<br />
2003-5-9,38,29,20,11,9,6,52,30,18,1009,1008,1006,5,4,3,10,3,,0.00,0,,321<br />
2003-5-10,36,27,19,14,11,9,60,42,25,1009,1008,1007,4,3,2,19,2,37,0.00,2,,180<br />
2003-5-11,39,29,20,13,12,11,64,37,18,1008,1006,1004,5,4,2,8,3,,0.00,0,,39<br />
2003-5-12,39,30,22,18,14,11,58,33,25,1005,1003,1000,4,3,3,14,6,,0.00,4,,114<br />
2003-5-13,37,28,20,17,14,12,83,39,24,1007,1005,1002,5,5,4,19,10,,0.00,3,Thunderstorm,31<br />
2003-5-14,39,33,29,13,12,11,37,27,20,1007,1005,1003,6,5,4,0,0,,0.00,0,,-1<br />
2003-5-15,38,29,20,16,12,9,52,38,19,1005,1004,1003,7,5,3,19,6,,0.00,1,,349<br />
2003-5-16,38,30,22,16,8,2,64,28,12,1005,1003,1000,5,5,4,14,5,,0.00,0,,282<br />
2003-5-17,41,31,22,11,7,4,33,21,14,1001,1000,999,6,5,4,10,6,,0.00,0,,302<br />
2003-5-18,42,32,23,14,12,10,44,26,17,1001,1000,999,7,6,4,6,2,,0.00,0,,287<br />
2003-5-19,44,34,24,17,14,13,57,25,18,1000,999,997,6,6,3,19,2,37,0.00,1,,115<br />
2003-5-20,43,33,24,17,16,14,61,33,19,1004,1002,1000,6,5,4,3,0,,0.00,0,,320<br />
2003-5-21,43,34,27,19,13,11,41,27,17,1004,1002,1000,8,6,4,14,5,,0.00,2,,347<br />
2003-5-22,41,32,25,19,16,13,61,40,22,1002,1001,1000,6,6,5,6,3,,0.00,3,,336<br />
2003-5-23,36,29,22,19,15,11,69,39,28,1006,1004,1001,6,5,4,27,13,,0.00,2,Rain-Thunderstorm,116<br />
2003-5-24,31,24,21,19,12,7,83,49,38,1010,1006,1004,6,5,4,27,3,,0.00,3,Rain-Thunderstorm,23<br />
2003-5-25,36,28,22,21,20,17,78,56,41,1006,1005,1004,6,5,4,8,2,,0.00,3,,313<br />
2003-5-26,40,30,20,16,14,11,78,37,22,1007,1005,1003,6,6,4,8,5,,0.00,1,,319<br />
2003-5-27,39,31,23,15,13,10,50,33,22,1003,1002,1000,6,5,4,14,2,,0.00,0,,238<br />
2003-5-28,41,32,23,17,15,14,69,38,21,1002,1001,999,6,5,4,10,2,,0.00,1,,82<br />
2003-5-29,40,31,23,18,13,10,53,32,16,1006,1005,1002,6,5,4,14,5,,0.00,1,,289<br />
2003-5-30,44,34,25,18,12,10,46,28,14,1005,1004,1002,7,5,4,27,5,,0.00,0,,293<br />
2003-5-31,42,33,25,19,14,11,61,31,16,1004,1003,1002,6,5,4,14,3,,0.00,0,,256<br />
2003-6-1,42,34,27,15,14,12,48,29,17,1003,1002,1001,4,4,3,8,3,,0.00,0,,286<br />
2003-6-2,44,39,33,15,14,12,32,22,15,1002,1000,999,5,5,4,14,5,,0.00,0,,266<br />
2003-6-3,44,34,26,17,16,14,51,34,21,1000,999,998,5,4,4,6,2,,0.00,0,,189<br />
2003-6-4,45,38,31,17,16,13,43,25,17,998,998,996,5,4,4,6,0,,0.00,0,,320<br />
2003-6-5,42,34,27,18,16,8,36,28,23,997,996,995,5,4,4,14,5,,0.00,0,,101<br />
2003-6-6,44,34,26,18,16,12,58,39,16,998,994,993,5,4,3,0,0,,0.00,0,,-1<br />
2003-6-7,46,37,28,14,13,12,42,21,14,994,994,992,4,4,4,19,6,,0.00,0,,266<br />
2003-6-8,40,33,27,20,18,16,51,39,29,997,996,994,3,3,1,14,11,,0.00,0,,107<br />
2003-6-9,39,33,27,24,23,21,79,61,35,999,997,995,3,2,1,19,11,,0.00,1,,72<br />
2003-6-10,38,30,23,30,20,18,73,49,35,998,997,993,4,4,4,6,3,,0.00,,,343<br />
2003-6-11,40,32,24,21,19,17,73,46,33,999,998,996,4,3,2,8,2,,0.00,0,,23<br />
2003-6-12,40,32,25,21,17,14,54,44,30,1000,998,996,5,4,3,11,5,,0.00,2,,35<br />
2003-6-13,43,34,26,19,15,7,57,35,14,1000,998,997,6,4,3,6,2,,0.00,0,,304<br />
2003-6-14,44,33,26,20,14,8,46,33,24,1000,999,997,4,4,3,11,0,,0.00,0,,250<br />
2003-6-15,43,33,26,21,18,17,65,38,22,999,998,997,5,4,3,6,2,,0.00,1,,72<br />
2003-6-16,42,34,27,24,19,12,61,38,19,998,996,994,4,4,3,11,5,,0.00,1,,110<br />
2003-6-17,42,31,23,20,18,16,78,45,28,1001,999,996,4,4,3,10,5,,0.00,0,,99<br />
2003-6-18,37,31,25,21,20,19,69,52,39,1002,1001,1000,6,5,4,6,3,,0.00,4,,53<br />
2003-6-19,33,30,27,28,22,17,75,59,45,1001,1000,996,4,3,2,0,0,,0.00,5,,-1<br />
2003-6-20,37,31,25,22,19,17,78,50,36,998,995,993,6,4,4,6,0,,0.00,2,,230<br />
2003-6-21,33,29,27,27,19,13,71,52,37,999,996,995,6,5,4,19,3,,0.00,1,,54<br />
2003-6-22,38,31,25,25,23,19,74,58,47,998,996,995,4,4,4,0,0,,0.00,1,,-1<br />
2003-6-23,35,30,25,25,24,22,83,67,53,1000,998,996,5,4,4,19,6,,0.00,4,Rain,78<br />
2003-6-24,38,31,25,25,22,20,78,64,44,1000,999,998,4,3,3,0,0,,0.00,1,,-1<br />
2003-6-25,27,26,24,24,23,22,94,88,84,1000,998,997,4,4,4,0,0,,0.00,7,,-1<br />
2003-6-26,37,30,23,25,23,20,89,73,47,999,997,996,4,3,3,3,0,,0.00,5,,15<br />
2003-6-27,35,28,22,26,24,21,94,71,56,999,998,995,5,4,3,10,2,,0.00,4,Rain-Thunderstorm,87<br />
2003-6-28,31,26,22,24,23,20,94,82,66,999,998,998,4,4,3,11,6,,0.00,6,Rain-Thunderstorm,59<br />
2003-6-29,29,27,26,25,24,22,89,81,70,1001,996,995,6,4,3,47,8,64,0.00,7,Rain,323<br />
2003-6-30,35,30,25,26,24,22,83,67,56,998,997,994,6,5,3,6,2,,0.00,1,,153<br />
2003-7-1,34,29,24,27,24,21,94,78,63,1001,999,997,5,3,1,0,0,,0.00,0,,-1<br />
2003-7-2,37,31,25,27,26,21,78,64,56,1004,1004,1002,4,3,3,19,2,,0.00,1,,101<br />
2003-7-3,36,32,28,27,26,24,84,67,56,1005,1003,999,4,3,3,3,0,,0.00,2,,137<br />
2003-7-4,31,27,24,25,24,21,94,77,70,1001,999,996,6,5,2,8,2,,0.00,5,Rain-Thunderstorm,105<br />
2003-7-5,29,26,22,24,21,18,79,77,74,1005,1001,998,7,5,3,55,11,,0.00,6,Rain-Thunderstorm,110<br />
2003-7-6,35,30,25,24,22,21,78,56,49,1005,1004,1003,5,5,4,10,3,,0.00,4,,112<br />
2003-7-7,35,30,26,26,25,22,78,67,59,1003,1001,999,4,4,3,8,2,,0.00,6,,110<br />
2003-7-8,35,30,25,27,26,23,89,75,63,1001,999,996,5,4,3,0,0,,0.00,3,,-1<br />
2003-7-9,31,27,24,25,24,22,89,76,70,1000,999,998,5,5,4,10,5,,0.00,4,Rain-Thunderstorm,101<br />
2003-7-10,32,28,25,25,23,20,79,74,66,1002,1001,1000,4,4,3,6,3,,0.00,4,Rain,85<br />
2003-7-11,33,,33,27,27,27,71,71,71,998,997,997,7,7,7,0,0,,0.00,6,,-1<br />
2003-7-12,33,24,24,24,23,23,94,76,59,1000,1000,1000,6,5,5,0,0,,0.00,3,,-1<br />
2003-7-13,31,,31,26,26,26,75,75,75,1002,1002,1002,5,5,5,3,3,,0.00,3,,70<br />
2003-7-14,35,,35,26,26,26,59,59,59,1001,1001,1001,4,4,4,0,0,,0.00,3,,-1<br />
2003-7-15,29,,29,24,24,24,74,74,74,1003,1003,1003,5,5,5,0,0,,0.00,6,,-1<br />
2003-7-16,39,33,32,29,28,25,84,71,45,1005,1005,1004,6,6,4,8,5,,0.00,5,,134<br />
2003-7-17,29,28,24,25,24,23,94,83,79,1006,1005,1004,5,4,4,0,0,,0.00,4,,-1<br />
2003-7-18,33,32,30,25,24,23,66,65,63,1005,1004,1002,6,6,6,6,2,,0.00,3,,129<br />
2003-7-19,33,29,26,28,27,22,79,77,71,1003,1002,1000,5,4,3,0,0,,0.00,3,,-1<br />
2003-7-20,31,27,24,26,24,23,94,84,75,1000,1000,998,7,5,4,6,3,,0.00,5,,47<br />
2003-7-21,27,26,24,25,24,23,94,91,89,1003,1002,1001,5,4,4,8,3,,0.00,6,Rain-Thunderstorm,135<br />
2003-7-22,33,29,27,26,26,25,89,74,63,1002,1001,1000,6,5,3,3,0,,0.00,3,,90<br />
2003-7-23,34,30,27,28,26,23,84,75,70,1001,1000,997,5,4,2,3,0,,0.00,3,,90<br />
2003-7-24,34,30,26,29,26,23,89,79,71,999,998,997,5,4,3,6,0,,0.00,3,Rain-Thunderstorm,60<br />
2003-7-25,35,31,27,28,26,21,89,73,58,999,997,994,6,5,3,0,0,,0.00,2,,-1<br />
2003-7-26,34,30,26,28,23,20,94,78,66,1000,998,997,5,4,3,11,0,,0.00,4,Rain-Thunderstorm,270<br />
2003-7-27,34,28,28,28,27,26,89,80,71,1001,1001,1000,4,3,3,6,2,,0.00,4,Thunderstorm,120<br />
2003-7-28,31,29,27,27,23,5,94,74,20,1005,1003,1002,6,5,4,8,2,,0.00,4,Thunderstorm,340<br />
2003-7-29,35,30,25,27,26,24,94,79,63,1005,1003,1001,6,5,4,8,2,,0.00,3,Thunderstorm,83<br />
2003-7-30,33,30,27,29,27,24,94,81,71,1000,999,997,5,4,4,6,2,,0.00,2,,0<br />
2003-7-31,33,29,26,27,25,22,89,74,66,1000,998,996,4,4,3,19,5,,0.00,4,,210<br />
2003-8-1,30,28,27,27,25,16,94,81,43,1003,1001,1000,4,4,4,8,3,,0.00,6,Rain,112<br />
2003-8-2,32,28,24,27,24,21,84,81,75,1003,1002,1001,4,4,3,3,2,,0.00,6,,103<br />
2003-8-3,28,27,27,27,26,25,100,93,84,1004,1004,1003,6,4,3,6,3,,0.00,6,Rain-Thunderstorm,117<br />
2003-8-4,33,29,26,27,25,24,94,74,63,1005,1004,1002,6,5,4,8,5,,0.00,3,,95<br />
2003-8-5,32,27,24,28,25,23,94,87,75,1005,1004,1002,5,4,3,6,2,,0.00,4,Rain,92<br />
2003-8-6,34,30,26,27,26,23,83,73,67,1003,1002,1001,4,4,3,0,0,,0.00,3,,-1<br />
2003-8-7,34,30,27,28,26,23,94,76,67,1003,1002,1001,4,3,3,0,0,,0.00,2,,-1<br />
2003-8-8,35,30,26,27,25,23,89,70,59,1003,1001,998,6,5,3,3,0,,0.00,4,Thunderstorm,230<br />
2003-8-9,35,30,26,27,25,21,89,72,63,1001,1000,997,5,3,3,14,0,,0.00,4,Thunderstorm,250<br />
2003-8-10,32,29,27,27,27,25,89,80,75,1002,1001,1000,6,5,4,6,2,,0.00,6,,160<br />
2003-8-11,34,30,26,27,26,22,79,72,63,1003,1002,1000,5,4,3,6,0,,0.00,3,,230<br />
2003-8-12,35,30,25,25,23,21,94,66,49,1004,1002,1000,6,5,4,8,5,,0.00,3,,297<br />
2003-8-13,35,30,26,27,26,22,94,73,63,1002,1002,1000,6,4,3,6,0,,0.00,2,,260<br />
2003-8-14,35,30,25,26,24,22,89,76,59,1002,1002,1001,5,5,4,3,2,,0.00,2,,260<br />
2003-8-15,35,30,25,28,26,23,94,75,63,1003,1002,1001,5,4,2,6,0,,0.00,2,,90<br />
2003-8-16,34,29,25,28,25,22,94,78,71,1005,1003,1002,4,3,1,3,0,,0.00,3,Rain,90<br />
2003-8-17,35,31,29,28,27,26,84,72,63,1004,1003,1001,4,4,3,6,0,,0.00,3,,135<br />
2003-8-18,37,32,27,27,26,25,94,69,53,1000,999,996,5,4,3,10,2,,0.00,2,,211<br />
2003-8-19,32,28,25,26,24,23,94,83,66,1001,999,997,5,4,4,6,3,,0.00,6,,86<br />
2003-8-20,32,28,25,26,24,23,89,76,70,1000,999,998,6,6,4,6,2,,0.00,2,,61<br />
2003-8-21,33,28,24,28,26,23,94,83,75,1003,1002,1000,5,4,3,6,0,,0.00,4,Rain-Thunderstorm,150<br />
2003-8-22,34,29,24,27,25,23,94,79,63,1006,1003,1002,6,5,4,6,0,,0.00,2,,320<br />
2003-8-23,35,29,23,27,23,19,83,69,59,1006,1005,1003,5,4,3,6,0,,0.00,1,,18<br />
2003-8-24,35,31,27,27,26,24,84,70,63,1005,1004,1002,6,5,3,3,0,,0.00,2,,230<br />
2003-8-25,35,30,26,27,26,24,89,78,63,1005,1002,1000,6,6,4,6,2,,0.00,4,Rain,41<br />
2003-8-26,35,30,25,27,24,22,84,75,63,1003,1001,1000,5,4,3,10,0,,0.00,4,Rain-Thunderstorm,310<br />
2003-8-27,29,27,24,27,24,22,100,86,79,1004,1003,1001,5,5,3,11,3,,0.00,4,Rain,63<br />
2003-8-28,32,27,23,27,25,21,89,85,75,1004,1003,1001,5,4,1,16,2,,0.00,4,Rain-Thunderstorm,47<br />
2003-8-29,31,27,23,26,23,21,94,83,75,1005,1004,1002,6,4,2,3,0,,0.00,4,,95<br />
2003-8-30,31,26,21,27,23,18,89,82,75,1005,1003,1001,6,4,3,6,0,,0.00,5,Rain-Thunderstorm,114<br />
2003-8-31,32,28,25,27,26,23,94,83,75,1003,1003,1001,3,3,3,0,0,,0.00,4,,-1<br />
2003-9-1,35,33,29,27,27,26,84,70,63,1003,1000,999,5,5,4,6,2,,0.00,3,,237<br />
2003-9-2,34,29,25,26,25,23,94,77,63,1002,1000,999,6,4,3,10,3,,0.00,2,Thunderstorm,135<br />
2003-9-3,34,29,24,27,26,23,94,79,66,1004,1003,1001,5,4,3,6,2,,0.00,3,,99<br />
2003-9-4,32,28,24,25,23,21,89,74,58,1005,1003,1002,6,5,3,0,0,,0.00,3,,-1<br />
2003-9-5,30,27,23,27,24,21,94,83,70,1005,1003,1002,7,5,3,11,2,,0.00,4,Rain-Thunderstorm,85<br />
2003-9-6,33,28,24,27,24,20,83,78,71,1006,1005,1003,5,4,3,0,0,,0.00,1,,-1<br />
2003-9-7,33,28,24,27,26,22,89,79,71,1005,1005,1003,4,4,3,11,2,,0.00,4,,45<br />
2003-9-8,33,28,23,26,24,21,94,76,63,1004,1003,1002,6,4,2,3,0,,0.00,2,,260<br />
2003-9-9,33,28,23,26,24,22,94,79,63,1005,1004,1003,6,4,3,10,0,,0.00,1,,310<br />
2003-9-10,35,28,21,24,23,19,89,70,53,1005,1004,1003,5,3,2,6,0,,0.00,1,,205<br />
2003-9-11,34,28,23,26,24,21,88,72,59,1005,1004,1003,5,4,3,0,0,,0.00,2,,-1<br />
2003-9-12,33,28,23,26,24,22,94,75,63,1004,1002,1000,5,3,3,6,0,,0.00,3,,148<br />
2003-9-13,33,27,22,25,22,19,89,76,63,1006,1004,1003,5,4,4,6,0,,0.00,4,,90<br />
2003-9-15,33,31,28,26,25,23,79,70,63,1006,1003,1001,5,4,3,6,0,,0.00,2,,290<br />
2003-9-16,34,27,22,26,24,20,94,76,63,1007,1005,1004,5,3,3,6,0,,0.00,2,,90<br />
2003-9-17,34,29,24,27,25,21,94,74,55,1007,1006,1004,4,3,1,0,0,,0.00,2,,-1<br />
2003-9-18,34,28,22,25,23,21,94,76,59,1009,1007,1005,4,4,4,6,0,,0.00,1,,113<br />
2003-9-19,35,29,23,26,24,20,89,70,53,1009,1007,1005,4,3,3,6,0,,0.00,2,,140<br />
2003-9-20,34,28,23,25,23,20,88,69,59,1009,1007,1006,4,3,3,0,0,,0.00,2,,-1<br />
2003-9-21,34,31,29,27,26,25,79,68,63,1010,1009,1008,4,3,3,0,0,,0.00,4,,-1<br />
2003-9-22,35,30,25,27,26,23,89,73,63,1008,1006,1004,3,3,2,6,2,,0.00,2,Thunderstorm,93<br />
2003-9-23,34,30,28,27,25,23,79,72,66,1008,1007,1005,3,3,3,8,5,,0.00,3,,125<br />
2003-9-24,33,27,22,24,22,20,88,71,59,1009,1008,1006,6,5,4,8,3,,0.00,2,,114<br />
2003-9-25,28,24,22,25,22,20,100,82,74,1013,1010,1008,8,4,2,19,5,,0.00,3,Rain-Thunderstorm,119<br />
2003-9-26,31,26,20,24,22,18,88,75,66,1013,1011,1008,6,5,3,6,0,,0.00,3,,303<br />
2003-9-27,30,25,20,25,21,17,84,76,70,1010,1008,1006,4,3,1,3,0,,0.00,3,,350<br />
2003-9-28,28,24,22,25,23,21,94,83,78,1009,1007,1006,5,3,0,6,2,,0.00,4,Fog,35<br />
2003-9-29,31,26,20,23,20,16,83,68,58,1010,1009,1007,7,5,4,6,2,,0.00,1,,327<br />
2003-9-30,30,24,19,22,19,18,94,81,62,1010,1009,1008,5,4,3,10,0,,0.00,0,,317<br />
2003-10-1,30,25,20,20,19,18,88,68,55,1012,1010,1009,5,4,2,10,2,,0.00,0,,309<br />
2003-10-2,31,23,17,21,19,16,94,69,55,1011,1010,1008,5,4,2,10,2,,0.00,0,,304<br />
2003-10-3,30,25,20,21,19,16,94,68,51,1013,1012,1010,5,3,1,8,2,,0.00,0,,320<br />
2003-10-4,33,26,19,20,17,10,88,64,27,1013,1012,1010,6,4,1,6,0,,0.00,0,,320<br />
2003-10-5,32,26,20,24,19,17,83,68,59,1012,1011,1010,4,2,1,0,0,,0.00,0,,-1<br />
2003-10-6,31,26,20,21,20,19,94,64,52,1012,1011,1010,4,3,2,0,0,,0.00,0,,-1<br />
2003-10-7,31,24,19,19,18,17,94,71,43,1014,1012,1010,3,2,1,0,0,,0.00,0,,-1<br />
2003-10-8,33,26,19,24,21,17,94,69,55,1012,1010,1007,4,3,2,6,2,,0.00,0,,305<br />
2003-10-9,32,26,20,24,21,17,88,72,59,1010,1008,1007,6,5,3,19,2,,0.00,1,,345<br />
2003-10-10,32,24,17,25,19,14,88,75,66,1007,1006,1005,6,5,4,19,2,,0.00,0,,310<br />
2003-10-11,32,23,17,20,17,15,88,70,48,1010,1008,1007,6,4,3,11,2,,0.00,0,,334<br />
2003-10-12,31,22,14,13,11,9,94,51,29,1012,1012,1011,6,4,2,14,3,,0.00,0,,310<br />
2003-10-13,32,24,18,17,16,14,83,55,38,1014,1013,1012,6,4,3,19,5,,0.00,0,,296<br />
2003-10-14,31,22,14,17,15,12,94,69,43,1015,1014,1012,5,3,2,11,2,,0.00,0,,310<br />
2003-10-15,32,26,20,18,16,13,73,48,36,1016,1014,1013,5,4,1,0,0,,0.00,0,,-1<br />
2003-10-16,32,23,15,16,14,13,88,64,33,1016,1014,1013,5,3,2,0,0,,0.00,0,,-1<br />
2003-10-17,32,23,14,16,13,11,94,57,33,1016,1014,1012,5,4,3,6,2,,0.00,0,,328<br />
2003-10-18,31,22,13,18,15,11,88,60,40,1014,1012,1011,5,3,1,0,0,,0.00,0,,-1<br />
2003-10-19,32,22,13,17,15,11,88,62,40,1014,1013,1012,4,3,2,3,2,,0.00,0,,290<br />
2003-10-20,32,26,19,18,17,15,78,54,40,1015,1013,1011,4,4,3,10,2,,0.00,0,,290<br />
2003-10-21,32,22,13,17,15,11,94,69,38,1013,1012,1010,4,3,1,6,0,,0.00,0,,300<br />
2003-10-22,31,22,14,19,15,8,88,67,40,1015,1013,1012,4,3,1,0,0,,0.00,0,,-1<br />
2003-10-23,32,22,13,18,16,11,88,67,38,1016,1014,1012,4,3,1,6,0,,0.00,0,,270<br />
2003-10-24,30,21,13,15,12,6,88,54,26,1014,1011,1010,3,3,2,0,0,,0.00,1,,-1<br />
2003-10-25,30,21,13,16,13,11,88,64,35,1013,1012,1011,3,2,1,0,0,,0.00,0,,-1<br />
2003-10-26,28,22,18,21,19,16,88,76,66,1015,1014,1012,2,2,1,3,0,,0.00,3,,50<br />
2003-10-27,29,24,20,17,16,15,83,59,45,1017,1015,1014,2,1,1,6,0,,0.00,0,Fog,320<br />
2003-10-28,29,20,12,19,16,11,94,70,51,1021,1018,1017,3,2,1,6,0,,0.00,0,Fog,305<br />
2003-10-29,29,20,12,20,16,1,88,63,16,1019,1017,1015,3,2,0,3,0,,0.00,0,Fog,280<br />
2003-10-30,29,19,10,19,14,6,88,71,51,1023,1016,1014,8,2,1,3,0,,0.00,0,,260<br />
2003-10-31,27,19,11,17,15,9,94,71,51,1014,1013,1011,3,2,0,3,0,,0.00,0,Fog,270<br />
2003-11-1,29,20,12,21,16,10,100,75,54,1015,1013,1012,3,2,1,3,0,,0.00,0,,300<br />
2003-11-2,29,20,11,19,15,9,88,66,51,1017,1016,1015,3,2,1,3,0,,0.00,0,Fog,265<br />
2003-11-3,30,21,13,16,14,7,77,53,40,1018,1015,1014,3,3,1,3,0,,0.00,1,,130<br />
2003-11-4,30,20,10,19,15,8,94,76,51,1016,1015,1013,3,2,1,6,0,,0.00,0,,230<br />
2003-11-5,30,24,19,20,18,15,83,66,45,1015,1013,1012,3,2,2,6,0,,0.00,0,,95<br />
2003-11-6,29,19,10,20,14,8,88,74,55,1014,1012,1011,3,2,1,0,0,,0.00,0,,-1<br />
2003-11-7,29,19,10,18,14,9,94,71,48,1013,1011,1009,3,2,1,3,0,,0.00,0,,90<br />
2003-11-8,27,18,11,20,14,10,94,77,61,1014,1012,1011,3,2,2,6,2,,0.00,1,,111<br />
2003-11-9,29,22,15,19,16,11,77,57,48,1016,1014,1013,3,2,2,3,0,,0.00,0,,290<br />
2003-11-10,28,20,12,20,17,10,88,73,51,1018,1015,1012,5,4,2,6,3,,0.00,0,,290<br />
2003-11-11,29,18,9,22,15,7,94,81,51,1016,1014,1013,4,3,1,3,0,,0.00,0,,0<br />
2003-11-12,27,18,10,20,15,8,87,77,65,1019,1018,1017,3,2,1,0,0,,0.00,1,,-1<br />
2003-11-13,26,11,7,18,11,6,94,86,61,1019,1017,1016,3,2,1,0,0,,0.00,1,,-1<br />
2003-11-14,25,18,11,15,13,10,94,69,52,1021,1019,1017,3,2,1,6,0,,0.00,5,,50<br />
2003-11-15,26,17,9,17,11,4,88,67,54,1019,1018,1016,3,2,1,0,0,,0.00,5,,-1<br />
2003-11-16,21,17,14,17,16,12,88,86,78,1017,1016,1014,5,2,1,0,0,,0.00,7,Rain,-1<br />
2003-11-17,22,17,12,17,14,10,94,85,69,1015,1014,1012,6,4,3,8,3,,0.00,5,,84<br />
2003-11-18,22,16,9,17,13,7,94,81,64,1017,1015,1014,5,4,3,6,3,,0.00,3,,329<br />
2003-11-19,22,14,7,17,12,5,88,79,69,1018,1017,1016,6,4,3,8,2,,0.00,0,,330<br />
2003-11-20,22,14,7,16,10,5,94,79,64,1020,1017,1017,5,3,2,10,2,,0.00,0,,297<br />
2003-11-21,22,13,5,14,9,3,93,75,53,1018,1016,1014,6,3,2,10,2,,0.00,0,,281<br />
2003-11-22,23,13,5,15,8,2,87,77,61,1020,1018,1017,4,3,1,6,0,,0.00,0,,320<br />
2003-11-23,21,16,13,14,13,9,77,73,64,1020,1019,1017,6,4,2,0,0,,0.00,0,,-1<br />
2003-11-24,23,14,6,14,11,5,93,71,50,1023,1021,1020,3,2,1,3,0,,0.00,1,,320<br />
2003-11-25,20,11,3,13,8,2,93,80,64,1022,1021,1020,3,2,1,3,0,,0.00,0,,320<br />
2003-11-26,23,14,6,13,10,4,87,71,53,1017,1015,1014,5,3,1,10,2,,0.00,0,Fog,280<br />
2003-11-27,21,13,6,15,8,1,82,74,68,1018,1016,1015,2,2,1,0,0,,0.00,0,,-1<br />
2003-11-28,21,13,5,12,8,3,93,75,52,1017,1015,1014,4,2,2,3,0,,0.00,0,,320<br />
2003-11-29,19,11,4,12,8,3,93,84,60,1020,1018,1016,3,2,1,3,0,,0.00,1,,270<br />
2003-11-30,21,19,19,11,11,10,56,54,53,1018,1017,1017,3,2,2,3,3,,0.00,3,,300<br />
2003-12-1,21,14,9,12,10,5,88,65,49,1019,1017,1016,3,2,1,6,0,,0.00,3,,290<br />
2003-12-2,21,12,5,12,9,3,88,74,56,1019,1017,1015,3,2,1,16,2,,0.00,1,,285<br />
2003-12-3,21,12,4,16,10,1,88,73,56,1017,1015,1013,2,2,1,0,0,,0.00,5,,-1<br />
2003-12-4,19,12,5,11,9,3,100,78,60,1016,1015,1014,2,2,1,3,0,,0.00,3,Tornado,180<br />
2003-12-5,21,13,5,13,10,4,93,75,56,1017,1016,1015,3,2,0,6,0,,0.00,2,Fog,293<br />
2003-12-6,22,13,5,11,8,4,93,70,49,1018,1017,1015,5,3,1,14,3,,0.00,0,,330<br />
2003-12-7,10,5,5,5,3,1,76,74,71,1016,1016,1015,2,2,2,3,2,,0.00,0,,320<br />
2003-12-8,20,20,16,13,12,11,72,68,64,1014,1014,1013,1,1,1,6,5,,0.00,0,,90<br />
2003-12-9,22,13,5,17,9,4,93,78,56,1015,1013,1012,4,3,2,11,5,,0.00,3,,80<br />
2003-12-10,23,17,10,14,11,7,82,66,57,1019,1017,1016,6,5,4,0,0,,0.00,0,,-1<br />
2003-12-11,22,16,11,11,9,6,77,67,50,1018,1016,1015,5,4,3,0,0,,0.00,2,,-1<br />
2003-12-12,20,14,8,12,9,7,93,71,56,1018,1017,1016,3,2,1,6,0,,0.00,4,Fog,80<br />
2003-12-13,20,14,11,16,11,6,88,76,67,1018,1016,1015,5,3,2,14,3,,0.00,6,Rain-Thunderstorm,15<br />
2003-12-14,20,12,6,14,10,4,87,76,68,1020,1018,1017,3,2,2,0,0,,0.00,0,,-1<br />
2003-12-15,18,13,9,13,12,7,94,84,73,1018,1016,1015,3,2,1,19,6,,0.00,6,Rain-Thunderstorm,339<br />
2003-12-16,21,11,4,15,10,3,93,81,68,1016,1015,1015,6,4,3,3,2,,0.00,1,,305<br />
2003-12-17,21,16,11,11,10,9,88,71,53,1019,1018,1017,4,3,1,0,0,,0.00,2,,-1<br />
2003-12-18,17,11,5,14,8,4,94,81,71,1019,1017,1013,3,2,1,0,0,,0.00,2,,-1<br />
2003-12-19,20,12,5,16,8,3,94,88,78,1022,1020,1019,2,0,0,0,0,,0.00,0,Fog,-1<br />
2003-12-20,14,8,4,11,7,4,100,90,82,1024,1022,1021,1,0,0,0,0,,0.00,0,Fog,-1<br />
2003-12-21,16,9,4,12,8,4,100,88,67,1023,1021,1020,1,0,0,0,0,,0.00,2,Fog,-1<br />
2003-12-22,12,8,5,9,8,4,100,91,82,1022,1020,1019,1,0,0,0,0,,0.00,3,Fog,-1<br />
2003-12-23,13,8,3,10,7,3,100,92,82,1021,1020,1019,2,1,0,6,0,,0.00,7,Fog,70<br />
2003-12-24,16,9,3,8,6,2,93,73,51,1021,1020,1019,3,2,0,6,2,,0.00,0,Fog,318<br />
2003-12-25,14,8,2,8,4,1,93,82,67,1020,1018,1017,4,2,0,6,2,,0.00,1,Fog,295<br />
2003-12-26,17,10,3,13,7,2,93,86,76,1020,1018,1017,3,2,0,8,2,,0.00,3,Fog,227<br />
2003-12-27,16,9,3,11,6,2,93,83,67,1020,1018,1017,2,1,0,3,0,,0.00,1,Fog,115<br />
2003-12-28,14,8,3,8,5,1,100,83,63,1024,1022,1021,3,1,0,6,2,,0.00,2,Fog,307<br />
2003-12-29,16,9,2,8,6,2,100,71,48,1023,1022,1021,3,2,0,6,2,,0.00,3,Fog,305<br />
2003-12-30,15,6,3,13,5,2,93,89,82,1025,1023,1021,3,1,1,8,0,,0.00,2,Fog,290<br />
2003-12-31,16,10,5,11,9,3,88,81,67,1022,1019,1016,2,2,1,6,2,,0.00,3,,266<br />
2004-1-1,11,7,4,9,7,3,94,89,87,1020,1019,1018,1,0,0,8,3,,0.00,,Fog,125<br />
2004-1-2,12,7,4,9,6,3,100,92,82,1023,1020,1019,1,0,0,8,2,,0.00,8,Fog,333<br />
2004-1-3,13,8,3,8,5,1,87,84,72,1022,1021,1020,3,1,0,3,3,,0.00,0,Fog,270<br />
2004-1-4,13,9,5,11,7,4,93,89,87,1023,1021,1020,2,1,0,6,2,,0.00,2,Fog,340<br />
2004-1-5,10,5,5,7,5,3,87,84,82,1021,1020,1020,1,1,0,3,2,,0.00,3,Fog,230<br />
2004-1-6,14,8,2,9,6,0,93,82,72,1025,1022,1021,4,2,0,6,3,,0.00,3,Fog,309<br />
2004-1-7,17,10,4,13,8,3,93,80,72,1023,1021,1020,5,3,2,8,3,,0.00,2,,306<br />
2004-1-8,14,9,5,10,6,3,87,81,72,1023,1022,1020,4,3,2,3,0,,0.00,2,,320<br />
2004-1-9,19,13,7,11,8,5,87,67,52,1022,1019,1017,4,4,3,11,3,,0.00,3,,274<br />
2004-1-10,18,11,6,13,7,3,93,78,71,1020,1019,1018,6,4,2,3,0,,0.00,1,,305<br />
2004-1-11,17,12,8,12,10,6,87,77,72,1019,1019,1018,4,3,3,6,3,,0.00,0,,285<br />
2004-1-12,21,13,5,12,9,3,88,70,43,1017,1016,1014,4,2,1,3,2,,0.00,2,,126<br />
2004-1-13,20,13,8,12,9,2,94,78,42,1018,1016,1014,3,2,1,6,2,,0.00,2,,41<br />
2004-1-14,17,11,6,11,9,5,93,79,68,1014,1013,1013,3,2,0,6,0,,0.00,1,Fog,315<br />
2004-1-15,20,12,5,13,8,3,88,79,56,1016,1014,1012,3,2,1,3,0,,0.00,2,Fog,300<br />
2004-1-16,20,15,10,13,11,8,88,77,60,1018,1016,1013,2,1,1,8,3,,0.00,4,,112<br />
2004-1-17,14,11,9,12,10,7,94,87,72,1012,1011,1010,1,1,0,27,6,,0.00,6,Rain-Thunderstorm,111<br />
2004-1-18,19,16,14,12,11,10,77,71,60,1017,1016,1015,5,4,4,6,3,,0.00,4,,348<br />
2004-1-19,18,11,5,12,9,4,93,78,64,1016,1014,1013,4,3,0,10,3,,0.00,4,Fog,298<br />
2004-1-20,15,10,7,11,8,6,94,88,72,1017,1015,1013,3,1,0,0,0,,0.00,4,Fog,-1<br />
2004-1-21,14,10,6,13,9,5,100,91,87,1014,1013,1011,2,1,0,13,6,,0.00,7,Fog-Rain,134<br />
2004-1-22,13,10,7,11,8,5,94,88,87,1017,1014,1011,4,3,2,6,2,,0.00,7,,113<br />
2004-1-23,14,10,7,12,8,5,94,89,87,1016,1012,1010,5,3,0,6,2,,0.00,6,Fog-Rain-Thunderstorm,94<br />
2004-1-24,19,11,3,10,7,2,93,77,49,1019,1017,1016,7,4,2,8,3,,0.00,0,,308<br />
2004-1-25,17,10,4,8,6,2,93,74,45,1017,1016,1015,4,2,0,6,2,,0.00,4,Fog,278<br />
2004-1-26,17,13,10,11,9,7,88,75,55,1018,1017,1016,5,4,2,6,2,,0.00,0,,280<br />
2004-1-27,18,10,4,10,7,2,88,81,59,1018,1017,1016,4,2,0,8,2,,0.00,0,Fog,292<br />
2004-1-28,17,10,3,12,9,2,93,81,72,1016,1014,1013,4,2,0,6,2,,0.00,4,Fog,329<br />
2004-1-29,14,10,7,11,9,5,94,87,82,1016,1015,1014,4,2,1,6,0,,0.00,5,,270<br />
2004-1-30,11,9,8,10,8,7,94,92,87,1015,1013,1011,4,3,3,8,2,,0.00,8,Rain,80<br />
2004-1-31,13,9,5,10,7,4,93,87,77,1017,1015,1013,5,4,4,8,3,,0.00,6,,271<br />
2004-2-1,16,10,5,9,7,4,93,78,63,1018,1017,1016,7,4,0,11,3,,0.00,0,Fog,305<br />
2004-2-2,18,10,2,10,7,1,93
